{"v":"5.1.8","fr":24,"ip":17,"op":43,"w":400,"h":400,"nm":"Comp 1","ddd":0,"assets":[],"layers":[{"ddd":0,"ind":1,"ty":1,"nm":"Medium Royal Blue Solid 1","sr":1,"ks":{"o":{"a":1,"k":[{"i":{"x":[0.667],"y":[1]},"o":{"x":[0.333],"y":[0]},"n":["0p667_1_0p333_0"],"t":17,"s":[0],"e":[100]},{"i":{"x":[0.667],"y":[1]},"o":{"x":[0.333],"y":[0]},"n":["0p667_1_0p333_0"],"t":24,"s":[100],"e":[100]},{"i":{"x":[0.667],"y":[1]},"o":{"x":[0.333],"y":[0]},"n":["0p667_1_0p333_0"],"t":29,"s":[100],"e":[0]},{"t":43}],"ix":11},"r":{"a":0,"k":0,"ix":10},"p":{"a":0,"k":[200,200,0],"ix":2},"a":{"a":0,"k":[960,540,0],"ix":1},"s":{"a":1,"k":[{"i":{"x":[0.22,0.22,0.22],"y":[1,1,1]},"o":{"x":[0.78,0.78,0.78],"y":[0,0,0]},"n":["0p22_1_0p78_0","0p22_1_0p78_0","0p22_1_0p78_0"],"t":17,"s":[328.98,328.98,100],"e":[509.98,509.98,100]},{"t":43}],"ix":6}},"ao":0,"hasMask":true,"masksProperties":[{"inv":false,"mode":"f","pt":{"a":0,"k":{"i":[[1.983,-1.935],[-3.96,-3.873],[0,0],[-0.5,0],[-0.345,0.336],[-4.86,4.744],[3.966,3.87],[3.965,-3.87],[0,0],[0,0],[2.64,0]],"o":[[-3.966,3.87],[0,0],[0.345,0.336],[0.5,0],[4.86,-4.744],[3.966,-3.87],[-3.965,-3.87],[0,0],[0,0],[-1.983,-1.935],[-2.64,0]],"v":[[944.101,527.572],[944.101,541.505],[958.669,555.755],[959.99,556.28],[961.312,555.755],[975.899,541.522],[975.899,527.59],[961.369,527.59],[960,528.914],[958.631,527.572],[951.366,524.677]],"c":true},"ix":1},"o":{"a":0,"k":100,"ix":3},"x":{"a":0,"k":0,"ix":4},"nm":"Mask 1"}],"sw":1920,"sh":1080,"sc":"#41a0ed","ip":12,"op":77,"st":-5,"bm":0}],"markers":[]}