{"name":"Celia Greene","user_id":{"$oid":"5a0cbe6915fd385cc5672176"},"address":"1200 Ijewo Road","phone":"(817) 817-6075","ssn":"854-45-4965"}
{"name":"Belle Lyons","user_id":{"$oid":"5a0cbe6915fd385cc5672177"},"address":"51 Muvel Square","phone":"(657) 862-5953","ssn":"512-55-6843"}
{"name":"Fred Klein","user_id":{"$oid":"5a0cbe6915fd385cc5672178"},"address":"346 Havoz Glen","phone":"(277) 314-9797","ssn":"263-26-6446"}
{"name":"Jayden Mendez","user_id":{"$oid":"5a0cbe6915fd385cc5672179"},"address":"1270 Utugot Junction","phone":"(530) 878-7846","ssn":"974-19-9878"}
{"name":"Randall Richards","user_id":{"$oid":"5a0cbe6915fd385cc567217a"},"address":"1901 Ecahaj Heights","phone":"(304) 258-6781","ssn":"433-07-2409"}
{"name":"Eddie Silva","user_id":{"$oid":"5a0cbe6915fd385cc567217b"},"address":"867 Piec Manor","phone":"(526) 989-2785","ssn":"623-52-3811"}
{"name":"Phillip Cortez","user_id":{"$oid":"5a0cbe6915fd385cc567217c"},"address":"1149 Navom Place","phone":"(339) 687-5075","ssn":"811-23-5747"}
{"name":"Donald Harris","user_id":{"$oid":"5a0cbe6915fd385cc567217d"},"address":"768 Kuvo Key","phone":"(277) 576-8474","ssn":"999-95-8834"}
{"name":"Lenora Becker","user_id":{"$oid":"5a0cbe6915fd385cc567217e"},"address":"180 Cife Circle","phone":"(806) 710-5192","ssn":"018-52-3650"}
{"name":"Hettie Franklin","user_id":{"$oid":"5a0cbe6915fd385cc567217f"},"address":"390 Domow Parkway","phone":"(770) 245-4592","ssn":"993-31-1475"}
{"name":"Tommy Pope","user_id":{"$oid":"5a0cbe6915fd385cc5672180"},"address":"91 Calmi Trail","phone":"(332) 312-1390","ssn":"515-87-7631"}
{"name":"Lewis Alvarado","user_id":{"$oid":"5a0cbe6915fd385cc5672181"},"address":"1072 Ledfom Court","phone":"(755) 814-8580","ssn":"278-41-9152"}
{"name":"Emilie Turner","user_id":{"$oid":"5a0cbe6915fd385cc5672182"},"address":"677 Gikge Highway","phone":"(702) 801-4758","ssn":"733-06-9678"}
{"name":"Craig Graham","user_id":{"$oid":"5a0cbe6915fd385cc5672183"},"address":"1419 Vama Square","phone":"(847) 562-8477","ssn":"937-06-3812"}
{"name":"Olivia Cohen","user_id":{"$oid":"5a0cbe6915fd385cc5672184"},"address":"558 Nouta Pike","phone":"(519) 497-7367","ssn":"765-44-7367"}
{"name":"Cameron Miller","user_id":{"$oid":"5a0cbe6915fd385cc5672185"},"address":"159 Buwki Circle","phone":"(611) 857-2295","ssn":"458-93-8028"}
{"name":"Virgie Sutton","user_id":{"$oid":"5a0cbe6915fd385cc5672186"},"address":"1055 Sipmab Mill","phone":"(730) 532-5763","ssn":"262-91-2082"}
{"name":"Jose Grant","user_id":{"$oid":"5a0cbe6915fd385cc5672187"},"address":"441 Tawdo Ridge","phone":"(679) 839-8855","ssn":"493-38-2005"}
{"name":"Larry Griffin","user_id":{"$oid":"5a0cbe6915fd385cc5672188"},"address":"186 Mane Grove","phone":"(841) 979-4811","ssn":"324-84-2933"}
{"name":"Joe Williams","user_id":{"$oid":"5a0cbe6915fd385cc5672189"},"address":"52 Tata Drive","phone":"(379) 832-8099","ssn":"135-16-7312"}
{"name":"Ian Pena","user_id":{"$oid":"5a0cbe6915fd385cc567218a"},"address":"192 Cudu Road","phone":"(676) 298-6529","ssn":"327-34-4602"}
{"name":"Arthur Bryan","user_id":{"$oid":"5a0cbe6915fd385cc567218b"},"address":"167 Eclob Circle","phone":"(250) 994-2599","ssn":"792-22-8325"}
{"name":"Catherine Henry","user_id":{"$oid":"5a0cbe6915fd385cc567218c"},"address":"1146 Tohce Court","phone":"(469) 697-5497","ssn":"903-47-1775"}
{"name":"Georgie West","user_id":{"$oid":"5a0cbe6915fd385cc567218d"},"address":"423 Uteuzu Pass","phone":"(340) 431-7761","ssn":"421-06-2095"}
{"name":"Edwin Reid","user_id":{"$oid":"5a0cbe6915fd385cc567218e"},"address":"1411 Zomos Grove","phone":"(564) 560-4019","ssn":"810-90-2886"}
{"name":"Nathan Boone","user_id":{"$oid":"5a0cbe6915fd385cc567218f"},"address":"698 Wijmu Turnpike","phone":"(817) 469-7989","ssn":"362-06-0126"}
{"name":"Violet Nash","user_id":{"$oid":"5a0cbe6915fd385cc5672190"},"address":"1532 Hooho Grove","phone":"(734) 291-9348","ssn":"816-37-7062"}
{"name":"Tillie Barton","user_id":{"$oid":"5a0cbe6915fd385cc5672191"},"address":"274 Ajiha River","phone":"(580) 386-1181","ssn":"689-98-4642"}
{"name":"Mable Norman","user_id":{"$oid":"5a0cbe6915fd385cc5672192"},"address":"1661 Baza Court","phone":"(244) 629-1616","ssn":"550-59-2126"}
{"name":"Rosie Hunter","user_id":{"$oid":"5a0cbe6915fd385cc5672193"},"address":"1837 Hude Loop","phone":"(349) 685-3200","ssn":"430-53-8131"}
{"name":"Maurice Rose","user_id":{"$oid":"5a0cbe6915fd385cc5672194"},"address":"1531 Gapi Drive","phone":"(500) 833-7548","ssn":"302-55-1319"}
{"name":"Louisa Cannon","user_id":{"$oid":"5a0cbe6915fd385cc5672195"},"address":"117 Gimmuv Drive","phone":"(874) 270-4227","ssn":"179-81-9457"}
{"name":"Todd Mitchell","user_id":{"$oid":"5a0cbe6915fd385cc5672196"},"address":"999 Sodwek Turnpike","phone":"(210) 480-6578","ssn":"551-18-8176"}
{"name":"Marie Abbott","user_id":{"$oid":"5a0cbe6915fd385cc5672197"},"address":"1605 Arpez Place","phone":"(320) 360-9973","ssn":"402-56-6231"}
{"name":"Ricardo Garner","user_id":{"$oid":"5a0cbe6915fd385cc5672198"},"address":"947 Uztut Pike","phone":"(316) 475-2533","ssn":"404-42-2378"}
{"name":"Bryan Soto","user_id":{"$oid":"5a0cbe6915fd385cc5672199"},"address":"914 Sedseg Lane","phone":"(643) 374-9066","ssn":"514-64-4450"}
{"name":"Franklin Walsh","user_id":{"$oid":"5a0cbe6915fd385cc567219a"},"address":"1938 Emha Grove","phone":"(213) 224-6558","ssn":"275-89-6361"}
{"name":"Gertrude Hogan","user_id":{"$oid":"5a0cbe6915fd385cc567219b"},"address":"670 Sadzu Pass","phone":"(959) 843-9470","ssn":"618-87-0909"}
{"name":"Gilbert Spencer","user_id":{"$oid":"5a0cbe6915fd385cc567219c"},"address":"18 Votaj Loop","phone":"(208) 793-7162","ssn":"358-56-4534"}
{"name":"Clarence Ramos","user_id":{"$oid":"5a0cbe6915fd385cc567219d"},"address":"699 Gojo Avenue","phone":"(472) 865-6328","ssn":"765-82-7586"}
{"name":"Ricky Page","user_id":{"$oid":"5a0cbe6915fd385cc567219e"},"address":"1623 Kipuc Place","phone":"(686) 868-7314","ssn":"905-13-5245"}
{"name":"Gavin Dennis","user_id":{"$oid":"5a0cbe6915fd385cc567219f"},"address":"1670 Ijohe Junction","phone":"(705) 472-1624","ssn":"331-14-6516"}
{"name":"Wayne Allen","user_id":{"$oid":"5a0cbe6915fd385cc56721a0"},"address":"1640 Bomat Extension","phone":"(928) 853-8942","ssn":"765-20-1077"}
{"name":"Ricardo Lynch","user_id":{"$oid":"5a0cbe6915fd385cc56721a1"},"address":"1255 Zowli Road","phone":"(584) 255-3736","ssn":"395-91-7065"}
{"name":"Edith Harrison","user_id":{"$oid":"5a0cbe6915fd385cc56721a2"},"address":"570 Ojvif Loop","phone":"(342) 935-6468","ssn":"431-79-3344"}
{"name":"Lucas Douglas","user_id":{"$oid":"5a0cbe6915fd385cc56721a3"},"address":"1935 Putek Key","phone":"(338) 235-7645","ssn":"659-62-1205"}
{"name":"Ricardo Schmidt","user_id":{"$oid":"5a0cbe6915fd385cc56721a4"},"address":"1009 Miabi Pass","phone":"(434) 582-7588","ssn":"275-16-0885"}
{"name":"Seth Mann","user_id":{"$oid":"5a0cbe6915fd385cc56721a5"},"address":"1254 Imroh Heights","phone":"(315) 385-7347","ssn":"468-86-6096"}
{"name":"Andrew Howell","user_id":{"$oid":"5a0cbe6915fd385cc56721a6"},"address":"734 Casej Square","phone":"(820) 259-1962","ssn":"964-52-1689"}
{"name":"Bettie Hayes","user_id":{"$oid":"5a0cbe6915fd385cc56721a7"},"address":"342 Koje Turnpike","phone":"(825) 679-2051","ssn":"569-05-5752"}
{"name":"Earl Ray","user_id":{"$oid":"5a0cbe6915fd385cc56721a8"},"address":"794 Akila Key","phone":"(203) 817-4766","ssn":"926-39-7337"}
{"name":"Michael Hubbard","user_id":{"$oid":"5a0cbe6915fd385cc56721a9"},"address":"486 Biite Turnpike","phone":"(757) 568-7908","ssn":"436-91-6145"}
{"name":"Matthew Nichols","user_id":{"$oid":"5a0cbe6915fd385cc56721aa"},"address":"1030 Rehim Mill","phone":"(232) 672-5740","ssn":"060-57-4957"}
{"name":"Lora Knight","user_id":{"$oid":"5a0cbe6915fd385cc56721ab"},"address":"1117 Juecu Highway","phone":"(785) 242-1402","ssn":"293-54-1086"}
{"name":"Jeremy Gibbs","user_id":{"$oid":"5a0cbe6915fd385cc56721ac"},"address":"777 Tara Place","phone":"(301) 290-4096","ssn":"997-90-6478"}
{"name":"Bernard Carroll","user_id":{"$oid":"5a0cbe6915fd385cc56721ad"},"address":"877 Dopag Street","phone":"(229) 577-1016","ssn":"539-90-8862"}
{"name":"Floyd French","user_id":{"$oid":"5a0cbe6915fd385cc56721ae"},"address":"413 Vidva Court","phone":"(866) 291-4215","ssn":"851-63-0997"}
{"name":"Jimmy Barnett","user_id":{"$oid":"5a0cbe6915fd385cc56721af"},"address":"1346 Upejig Boulevard","phone":"(548) 367-8128","ssn":"938-35-9447"}
{"name":"Mayme Kelley","user_id":{"$oid":"5a0cbe6915fd385cc56721b0"},"address":"1138 Rolel Extension","phone":"(965) 940-8987","ssn":"916-72-0295"}
{"name":"Nora Colon","user_id":{"$oid":"5a0cbe6915fd385cc56721b1"},"address":"698 Batef Circle","phone":"(501) 957-7468","ssn":"292-54-2770"}
{"name":"Carlos Potter","user_id":{"$oid":"5a0cbe6915fd385cc56721b2"},"address":"363 Azuinu Drive","phone":"(414) 384-4810","ssn":"064-87-6745"}
{"name":"Marguerite Burton","user_id":{"$oid":"5a0cbe6915fd385cc56721b3"},"address":"1731 Wiwu Plaza","phone":"(652) 269-4941","ssn":"000-04-2507"}
{"name":"Dylan Singleton","user_id":{"$oid":"5a0cbe6915fd385cc56721b4"},"address":"1807 Suom Mill","phone":"(882) 321-4123","ssn":"609-36-5129"}
{"name":"Dollie Miles","user_id":{"$oid":"5a0cbe6915fd385cc56721b5"},"address":"1013 Mitoha Place","phone":"(307) 381-7003","ssn":"450-24-3441"}
{"name":"Juan Hardy","user_id":{"$oid":"5a0cbe6915fd385cc56721b6"},"address":"1587 Temug Boulevard","phone":"(285) 384-5972","ssn":"584-85-6388"}
{"name":"Lora Simpson","user_id":{"$oid":"5a0cbe6915fd385cc56721b7"},"address":"1174 Suvges Court","phone":"(305) 614-1130","ssn":"564-58-2400"}
{"name":"Scott Padilla","user_id":{"$oid":"5a0cbe6915fd385cc56721b8"},"address":"1699 Imafez Way","phone":"(424) 802-7266","ssn":"665-62-3432"}
{"name":"Clayton Drake","user_id":{"$oid":"5a0cbe6915fd385cc56721b9"},"address":"301 Lochim Park","phone":"(550) 775-1311","ssn":"639-75-5860"}
{"name":"Fanny Watkins","user_id":{"$oid":"5a0cbe6915fd385cc56721ba"},"address":"1650 Zoafe Highway","phone":"(847) 450-3595","ssn":"067-80-9578"}
{"name":"Logan Wallace","user_id":{"$oid":"5a0cbe6915fd385cc56721bb"},"address":"1224 Seadu Ridge","phone":"(632) 614-8930","ssn":"411-91-3745"}
{"name":"Jacob Salazar","user_id":{"$oid":"5a0cbe6915fd385cc56721bc"},"address":"1974 Zekur Park","phone":"(650) 675-4732","ssn":"158-76-8880"}
{"name":"Micheal Baldwin","user_id":{"$oid":"5a0cbe6915fd385cc56721bd"},"address":"356 Dukruv Pass","phone":"(650) 668-4754","ssn":"385-21-2836"}
{"name":"Sylvia Poole","user_id":{"$oid":"5a0cbe6915fd385cc56721be"},"address":"1154 Zeza Street","phone":"(834) 407-2290","ssn":"505-13-1943"}
{"name":"Addie Barton","user_id":{"$oid":"5a0cbe6915fd385cc56721bf"},"address":"695 Wasew Junction","phone":"(341) 330-3266","ssn":"093-18-6821"}
{"name":"Amy Santiago","user_id":{"$oid":"5a0cbe6915fd385cc56721c0"},"address":"1815 Ekekez Glen","phone":"(574) 666-5529","ssn":"795-52-6056"}
{"name":"Dominic Watson","user_id":{"$oid":"5a0cbe6915fd385cc56721c1"},"address":"813 Oklih Drive","phone":"(542) 679-2225","ssn":"715-79-9666"}
{"name":"Frank Tate","user_id":{"$oid":"5a0cbe6915fd385cc56721c2"},"address":"1434 Ecavo Junction","phone":"(556) 214-5144","ssn":"356-87-9177"}
{"name":"Kevin Davidson","user_id":{"$oid":"5a0cbe6915fd385cc56721c3"},"address":"1047 Soiri Point","phone":"(813) 242-3268","ssn":"057-79-6788"}
{"name":"Sally Rice","user_id":{"$oid":"5a0cbe6915fd385cc56721c4"},"address":"1719 Paded Pass","phone":"(730) 664-4250","ssn":"108-25-4852"}
{"name":"Alberta Hill","user_id":{"$oid":"5a0cbe6915fd385cc56721c5"},"address":"414 Gotdip Junction","phone":"(510) 846-5563","ssn":"009-23-7497"}
{"name":"Lawrence Harvey","user_id":{"$oid":"5a0cbe6915fd385cc56721c6"},"address":"1359 Cejduk Manor","phone":"(868) 395-1816","ssn":"349-71-8558"}
{"name":"Cora Ryan","user_id":{"$oid":"5a0cbe6915fd385cc56721c7"},"address":"1720 Akige Avenue","phone":"(416) 201-4621","ssn":"694-52-7131"}
{"name":"Henry Conner","user_id":{"$oid":"5a0cbe6915fd385cc56721c8"},"address":"469 Osizi Plaza","phone":"(977) 866-1349","ssn":"473-49-3694"}
{"name":"Jeremiah Flores","user_id":{"$oid":"5a0cbe6915fd385cc56721c9"},"address":"317 Bidu River","phone":"(944) 600-6408","ssn":"023-79-2733"}
{"name":"Glen Powers","user_id":{"$oid":"5a0cbe6915fd385cc56721ca"},"address":"1185 Nabdi Avenue","phone":"(466) 481-3570","ssn":"578-54-7178"}
{"name":"Randall Sutton","user_id":{"$oid":"5a0cbe6915fd385cc56721cb"},"address":"626 Oghic River","phone":"(831) 447-2753","ssn":"701-46-1504"}
{"name":"Timothy Cain","user_id":{"$oid":"5a0cbe6915fd385cc56721cc"},"address":"985 Capin Manor","phone":"(658) 560-8870","ssn":"685-66-0898"}
{"name":"Julian Cobb","user_id":{"$oid":"5a0cbe6915fd385cc56721cd"},"address":"1185 Cofguk Center","phone":"(923) 212-4903","ssn":"020-59-9339"}
{"name":"Wayne Tran","user_id":{"$oid":"5a0cbe6915fd385cc56721ce"},"address":"191 Foprek Plaza","phone":"(624) 401-8590","ssn":"247-67-6759"}
{"name":"Edna Williams","user_id":{"$oid":"5a0cbe6915fd385cc56721cf"},"address":"738 Tesap Terrace","phone":"(950) 536-4894","ssn":"682-87-3124"}
{"name":"Rosa Roberson","user_id":{"$oid":"5a0cbe6915fd385cc56721d0"},"address":"1405 Kaconi Highway","phone":"(481) 992-5922","ssn":"560-78-7936"}
{"name":"Hallie Woods","user_id":{"$oid":"5a0cbe6915fd385cc56721d1"},"address":"1451 Hahge Heights","phone":"(967) 604-1261","ssn":"030-49-0377"}
{"name":"Rachel Sandoval","user_id":{"$oid":"5a0cbe6915fd385cc56721d2"},"address":"456 Rabo Junction","phone":"(936) 565-3296","ssn":"256-65-6240"}
{"name":"Lilly Grant","user_id":{"$oid":"5a0cbe6915fd385cc56721d3"},"address":"1408 Welal Heights","phone":"(282) 998-5656","ssn":"461-65-3698"}
{"name":"Larry Roberts","user_id":{"$oid":"5a0cbe6915fd385cc56721d4"},"address":"314 Erokat Ridge","phone":"(571) 307-5876","ssn":"865-04-4356"}
{"name":"Harriet Curtis","user_id":{"$oid":"5a0cbe6915fd385cc56721d5"},"address":"1933 Luleb Glen","phone":"(956) 614-3359","ssn":"965-74-0377"}
{"name":"Seth Gilbert","user_id":{"$oid":"5a0cbe6915fd385cc56721d6"},"address":"668 Efela Highway","phone":"(784) 932-8475","ssn":"315-25-9877"}
{"name":"Cordelia Ray","user_id":{"$oid":"5a0cbe6915fd385cc56721d7"},"address":"433 Kopo Pass","phone":"(460) 741-5006","ssn":"106-27-6027"}
{"name":"Mildred Hammond","user_id":{"$oid":"5a0cbe6915fd385cc56721d8"},"address":"185 Megez Trail","phone":"(579) 812-6935","ssn":"629-48-1467"}
{"name":"Madge Castro","user_id":{"$oid":"5a0cbe6915fd385cc56721d9"},"address":"1627 Favhiw Junction","phone":"(785) 654-8653","ssn":"322-76-3273"}
