Event Source,API
events.cornell.edu,TRUE
american.edu,FALSE
browse.calendar.gwu.edu,FALSE
guevents.georgetown.edu,TRUE
gwsports.com,TRUE
orientation.dos.cornell.edu,FALSE
georgetowndc.com,FALSE
engineering.cornell.edu,FALSE
washington.org,FALSE
lisner.gwu.edu,FALSE
aap.cornell.edu,FALSE
math.cornell.edu,FALSE
downtownithaca.com,FALSE
calendar.howard.edu,TRUE
usgbcnh.org,FALSE
usgbclouisiana.org,FALSE
usgbccentralohio.org,FALSE
events.brown.edu,TRUE
news.dartmouth.edu,FALSE
princetonentertain.com,FALSE
carnegieendowment.org,FALSE
washingtondc.eventful.com,FALSE
930.com,FALSE
marymount.edu,FALSE
capitalfringe.org,FALSE
ustreetmusichall.com,FALSE
meetup.com,FALSE
blackcatdc.com,FALSE
shakespearetheatre.org,FALSE
thehowardtheatre.com,FALSE
nationalgeographic.org,FALSE
sixthandi.org,FALSE
go.nbm.org,FALSE
trinitydc.edu,FALSE
theatrelab.org,FALSE
brookings.edu,FALSE
csis.org,FALSE
atlanticcouncil.org,FALSE
busboysandpoets.com,FALSE
politics-prose.com,FALSE
cato.org,FALSE
newamerica.org,FALSE
wilsoncenter.org,FALSE
eventsdc.com,FALSE
eli.org,FALSE
dspshows.com,FALSE
gradschool.cornell.edu,FALSE
philosophy.fas.harvard.edu,FALSE
harvardartmuseums.org,FALSE
americanrepertorytheater.org,FALSE
economics.harvard.edu,FALSE
ces.fas.harvard.edu,FALSE
ofa.fas.harvard.edu,FALSE
daviscenter.fas.harvard.edu,FALSE
hls.harvard.edu,FALSE
psychology.fas.harvard.edu,FALSE
philly.com,FALSE
gsas.harvard.edu,FALSE
penncurrent.upenn.edu,FALSE
environment.harvard.edu,FALSE
chemistry.harvard.edu,FALSE
radcliffe.harvard.edu,FALSE
dcsbdc.org,FALSE
anthropology.fas.harvard.edu,FALSE
memorialchurch.harvard.edu,FALSE
green.harvard.edu,FALSE
history.fas.harvard.edu,FALSE
edportal.harvard.edu,FALSE
thephillycalendar.com,FALSE
nyc.com,FALSE
my.arboretum.harvard.edu,FALSE
statistics.fas.harvard.edu,FALSE
upenn.edu,FALSE
belfercenter.org,FALSE
sociology.fas.harvard.edu,FALSE
histsci.fas.harvard.edu,FALSE
lrdudc.wrlc.org,FALSE
peabody.harvard.edu,FALSE
slavic.fas.harvard.edu,FALSE
ves.fas.harvard.edu,FALSE
artsinitiative.columbia.edu,FALSE
cellbio.med.harvard.edu,FALSE
artgallery.yale.edu,FALSE
energypolicy.columbia.edu,FALSE
barnard.edu,FALSE
law.columbia.edu,FALSE
linguistics.fas.harvard.edu,FALSE
mailman.columbia.edu,FALSE
arch.columbia.edu,FALSE
socialwork.columbia.edu,FALSE
millertheatre.com,FALSE
lrc.columbia.edu,FALSE
physics.columbia.edu,FALSE
chem.columbia.edu,FALSE
classics.columbia.edu,FALSE
astro.columbia.edu,FALSE
americanstudies.columbia.edu,FALSE
humanrightscolumbia.org,FALSE
jtsa.edu,FALSE
ece.columbia.edu,FALSE
events.goucher.edu,TRUE
events.udel.edu,TRUE
events.towson.edu,TRUE
econ.columbia.edu,FALSE
columbianeurology.org,FALSE
iijs.columbia.edu,FALSE
events.newschool.edu,TRUE
calendar.colgate.edu,TRUE
events.uri.edu,TRUE
calendar.northeastern.edu,TRUE
calendar.oberlin.edu,TRUE
events.williams.edu,TRUE
events.risd.edu,TRUE
runwashington.com,FALSE
harvard-yenching.org,FALSE
thebostoncalendar.com,FALSE
events.visitithaca.com,TRUE
bu.edu,FALSE
wexarts.org,FALSE
events.citypaper.com,FALSE
events.temple.edu,FALSE
events.ithaca.edu,TRUE
nyu.edu,TRUE
hub.jhu.edu,FALSE
calendar.jhu.edu,TRUE
cfa.gmu.edu,FALSE