class,139
data-click-label,102
href,90.5
a,74.5
menu-depth-2,74.5
div,74
menu-depth-3,67
closed,58.5
am,58
red-arrow,53.5
leaf,53
li,52
navigation--primary--subitem,46
cell,38
parent,38
id,37
cert-flag,34.5
nav-item,34.5
aria-expanded,34
150,32
imagecache,30
imagecache-default,30
nav-arrow,30
rdfs:label skos:prefLabel,29.5
skos:Concept,29.5
dc:date,28
xsd:dateTime,28
arrow,27
data-click-action,27
btn-link,26.5
menuparent,26.5
DetailLabelText,25
imprint,24
menu-mlid-629,24
type,24
detailbox,23
bg-entry,22.5
bg-entry-footer,22.5
plat-cert-flag,22.5
visuallyhidden,22
164,21
clear-block,21
cleaner,20
data-drupal-link-system-path,20
source,20
span,20
menu-depth-1,19
col-sm-6,18
field--label-hidden,18
datetime,17.5
onchange,17.5
detailfield,17
script,17
src,17
block-link,16.5
block-link-src,16.5
use,16
xlink:href,16
data-alt,15.5
cu-title,15
expanded,15
pubdate,15
srcset,15
offsite-link,14.5
datatype,14
menu-mlid-1237,14
col-md-12,13.5
fa-plus-square-o,13.5
first,13.5
vjack,13.5
data-bind,13
date-display-end,13
date-display-start,13
field__item,13
title,13
aria-label,12.5
date,12.5
menu-item-object-custom,12.5
menu-item-type-custom,12.5
off-screen,12.5
fa-external-link,12
facet,12
facet-hidden,12
td,12
text/javascript,12
checkbox,11
date-display-single,11
menu-item,11
rel,11
tag,11
target,11
vcenter,11
field--type-image,10.5
icon-twitter,10.5
no-title,10.5
onmouseout,10.5
paragraph,10.5
row--full,10.5
rule,10.5
details,10
field__items,10
fill,10
modal,10
name,10
pane-content,10
subject,10
subjectschemeidentifier,10
submenu,10
submenu-title,10
typeof,10
block-content,9.5
block-inner,9.5
data-src,9
idvalue,9
last,9
link,9
nav2,9
spacer,9
sr-only,9
subjectcode,9
svg,9
text-left,9
ul,9
_self,8.5
fa-times,8.5
http://www.w3.org/2000/svg,8.5
menu-item-has-children,8.5
sub-menu,8.5
time,8.5
xmlns,8.5
_blank,8
clearfix,8
content,8
day,8
dhtml-menu,8
i,8
img,8
l-container,8
lazyload-above-960,8
menu__item,8
menu__link,8
odd,8
option,8
p,8
path,8
submenu-related,8
viewbox,8
630,7.5
block,7.5
btn,7.5
fa-fw,7.5
stories,7.5
(min-width: 544px),7
(min-width: 992px),7
about,7
alt,7
btn-primary,7
btn-sm,7
caption,7
categories,7
center,7
cs_control,7
dd,7
entry-content,7
entry-title,7
fa,7
fa-lg,7
form-item,7
format-standard,7
hentry,7
host,7
menu-item-object-page,7
menu-item-type-post_type,7
menu-mlid-1315,7
meta,7
node,7
onmouseover,7
panelslide,7
post-info,7
post-meta,7
published,7
query,7
region-inner,7
separator,7
sioc:Item foaf:Document,7
span-24,7
status-publish,7
submenu-trigger,7
text/css,7
type-post,7
value,7
vcard,7
views-field,7
35,6.5
btn-large,6.5
category-tip-sheets,6.5
font-size: 12px;,6.5
link-caret,6.5
menu,6.5
node-promoted,6.5
small-row--fit,6.5
tr,6.5
10,6
15,6
block-menu,6
category,6
close,6
col-xs-12,6
corefield,6
data-click-category,6
data-scroll,6
device-fixed-width,6
displaytext,6
even,6
event,6
events,6
fa-chevron-down,6
field-content,6
foaf:Image,6
grid_2,6
icon-link,6
img-responsive,6
inner,6
j,6
media,6
panel-pane,6
pm,6
property,6
role,6
sched,6
st_title,6
st_url,6
strong,6
stylesheet,6
submenu-overview,6
v,6
view-mode-full,6
wrap,6
y,6
year,6
breadcrumb-item,5.5
home-grid,5.5
icon,5.5
input,5.5
paragraph--view-mode--default,5.5
presentation,5.5
schedule,5.5
section,5.5
tabpanel,5.5
views-row,5.5
w,5.5
...,5
(min-width: 0px),5
(min-width: 1140px),5
(min-width: 640px),5
(min-width: 960px),5
131,5
accesskey,5
all,5
article:tag,5
block-menu-block,5
br,5
cat-item,5
clear,5
container,5
data-title,5
dc:title,5
description,5
em,5
excerpt,5
fa-twitter,5
facebook,5
field,5
field-item,5
field-items,5
field-label-hidden,5
figure,5
file,5
file-image,5
file-image-jpeg,5
grid-2,5
h3,5
has-children,5
height,5
hreflang,5
image/png,5
itemprop,5
k,5
left,5
location,5
m,5
measure,5
measurement,5
measureunitcode,5
megamenucol,5
menu-mlid-1317,5
month,5
n,5
navigation--primary--item,5
none,5
o,5
picture,5
region,5
small-row--1of4,5
style,5
tags,5
title-medium,5
twitter,5
views-field-nothing,5
views-field-title,5
views-row-even,5
widget-container,5
width,5
11,4.5
address,4.5
aria-labelledby,4.5
bg-author,4.5
bg-date,4.5
clear:both;,4.5
content:encoded,4.5
copy-block,4.5
field--photo-credit,4.5
g,4.5
onclick,4.5
photo-credit-icon,4.5
photo-credit-text,4.5
productidentifier,4.5
productidtype,4.5
url,4.5
_,4
"(max-width: 120px) 100vw, 120px",4
100%,4
180,4
2,4
246,4
300,4
40px,4
5,4
9,4
active-trail,4
AlumniDirectory,4
AlumniNews,4
apple-touch-icon,4
apple-touch-icon-precomposed,4
attachment-yarpp-thumbnail,4
b,4
bg,4
bookmark,4
c,4
calendar,4
col-md-3,4
col-md-4,4
context,4
cover,4
current-menu-parent,4
current-post-ancestor,4
current-post-parent,4
data-placeholder,4
dates,4
detailsTable,4
dfp-tag-wrapper,4
element-hidden,4
evenodd,4
Expand menu,4
fa-search,4
featured-footer,4
field-name-body,4
field-type-text-long,4
field-type-text-with-summary,4
figcaption,4
fill-rule,4
float:right;,4
fn,4
follow-us,4
footer--block--item,4
ftr-item,4
ftr-title,4
grid_4,4
h2,4
hidden,4
http://www.cornellpress.cornell.edu/images/bullet.gif,4
inside,4
item,4
l,4
l-region,4
language-selector,4
line-height: 1.5em;,4
listing-terms,4
map,4
menu-neighborhood--feature,4
more,4
navigation--dropdown,4
navigation--feature,4
navigation--feature--headline,4
no,4
node-content,4
node-links,4
node-teaser,4
nolink,4
nonce,4
overview,4
pane-node,4
pane-title,4
panel,4
panel-body,4
panel-default,4
panel-panel,4
panel-separator,4
password,4
promo-image,4
promo-items-item,4
promo-title,4
prose,4
r,4
rdf-meta,4
rdf:about,4
rdf:description,4
Rebecca Valli,4
required,4
size-yarpp-thumbnail,4
slide-title,4
social-icon,4
social-label,4
social-title,4
social-title-name,4
span3,4
submenu-links,4
t,4
tab,4
teaser,4
text,4
text-right,4
th,4
thumbnail,4
Thumbnail,4
u,4
username,4
view-mode-menu_feature,4
views-row-odd,4
widget-title,4
wp-post-image,4
yarpp-thumbnail,4
yarpp-thumbnail-title,4
-1,3.5
4,3.5
alternate,3.5
aria-controls,3.5
colspan,3.5
display:none;,3.5
e,3.5
hReview,3.5
line-height: 1.538em;,3.5
login,3.5
media-img,3.5
node-listicle,3.5
nofollow,3.5
ReviewBlock,3.5
row,3.5
RSS,3.5
scope,3.5
slide,3.5
span6,3.5
subjectheadingtext,3.5
subjectschemename,3.5
subscribe,3.5
summary,3.5
z,3.5
:,3
/,3
/portals/_default/skins/johnsonwww/css/images/logos.svg#cornell-seal,3
/sites/all/themes/sais_refactor/images/logo.png,3
0,3
1,3
12,3
20,3
25px,3
3,3
30,3
About,3
active,3
align,3
application/rss+xml,3
aria-hidden,3
aria-required,3
arrowed,3
article,3
article-content,3
audience,3
author,3
block__content,3
block--menu,3
block-washington-blocks,3
btn-default,3
button,3
cat_centerforgreenschools,3
cellpadding,3
checkInDate,3
checkOutDate,3
col,3
col-item,3
col-sm-12,3
collapse,3
Columbian College of Arts & Sciences,3
column,3
comment,3
content-container,3
count-1,3
coverImage,3
CS_Element_Schedule,3
current-page-ancestor,3
d,3
data-placement,3
data-role,3
datepicker,3
dir,3
disabled,3
display: block;,3
divider,3
DnnModule,3
DNNModuleContent,3
dropdown,3
element-invisible,3
email,3
"external,nofollow",3
f,3
fa-spin,3
featured-post,3
fl-textual,3
footer--block,3
footer-title,3
for,3
form-control,3
fq,3
frameborder,3
ftr-links,3
generator,3
grid_12,3
h4,3
h5,3
http-equiv,3
icon-bar,3
label,3
language,3
lastname,3
leftSubNav,3
limiter,3
loading,3
Login,3
ltr,3
menu-depth-4,3
menu-depth-5,3
menu-item-13129,3
menu-item-13298,3
menu-item-14024,3
menu-item-14104,3
menu-item-14105,3
menu-item-14106,3
menu-item-14109,3
menu-item-14342,3
menu-item-14367,3
menu-item-14447,3
menu-item-14448,3
menu-item-14449,3
menu-item-14450,3
menu-item-14513,3
menu-item-14514,3
menu-item-14515,3
menu-item-14516,3
menu-item-14517,3
menu-item-14518,3
menu-item-14519,3
menu-item-14563,3
menu-item-14653,3
menu-item-14654,3
menu-item-14723,3
menu-item-14724,3
menu-item-14725,3
menu-item-14726,3
menu-item-14727,3
menu-item-14728,3
menu-item-14757,3
menu-item-14758,3
menu-item-14759,3
menu-item-14760,3
menu-item-14761,3
menu-item-15076,3
menu-item-15174,3
menu-item-15176,3
menu-item-15710,3
menu-item-15711,3
menu-item-15712,3
menu-item-15713,3
menu-item-15714,3
menu-item-15715,3
menu-item-15716,3
menu-item-15717,3
menu-item-15718,3
menu-item-15746,3
menu-item-15747,3
menu-item-15764,3
menu-item-15845,3
menu-item-16161,3
menu-item-16213,3
menu-item-16214,3
menu-item-16349,3
menu-item-16496,3
menu-item-16497,3
menu-item-16595,3
menu-item-16596,3
menu-item-16697,3
menu-item-16698,3
menu-item-16892,3
menu-item-17167,3
menu-item-17185,3
menu-item-17398,3
menu-item-17608,3
menu-item-17696,3
menu-item-1843,3
menu-item-1857,3
menu-item-2090,3
menu-item-2849,3
menu-item-2938,3
menu-item-3201,3
menu-item-3277,3
menu-item-3278,3
menu-item-3283,3
menu-item-3284,3
menu-item-3463,3
menu-item-3478,3
menu-item-3482,3
menu-item-3638,3
menu-item-3647,3
menu-item-3651,3
menu-item-3699,3
menu-item-3709,3
menu-item-3748,3
menu-item-3752,3
menu-item-3925,3
menu-item-3927,3
menu-item-3928,3
menu-item-3929,3
menu-item-3930,3
menu-item-3938,3
menu-item-3939,3
menu-item-5096,3
menu-item-5119,3
menu-item-5265,3
menu-item-5602,3
menu-item-6729,3
menu-item-6730,3
menu-item-7863,3
menu-item-8399,3
menu-item-object-category,3
menu-item-type-taxonomy,3
meta-nav,3
nav,3
no-print,3
node-general-content,3
numberOfAdults,3
numberOfChildren,3
numberOfRooms,3
off,3
omega,3
Overview,3
padding-bottom:0.7em;,3
place,3
placeholder,3
post,3
posts,3
prefix_5,3
q,3
read-more,3
screen,3
screen-reader-text,3
"screen, projection",3
seal-link,3
Search,3
searchbar,3
select,3
selected,3
single-post,3
size,3
sizes,3
small,3
tabindex,3
table,3
tbody,3
Telerik_stylesheet,3
"The U.S. Green Building Council (USGBC) is transforming the way we design, build, maintain and operate our buildings, homes and communities.",3
top,3
TRUE,3
user-content,3
view,3
view-content,3
view-display-id-panel_pane_1,3
views-row-1,3
views-row-first,3
views-row-last,3
websiterole,3
where,3
widget,3
widget-wrap,3
wrapper,3
x,3
.,2.5
125,2.5
128,2.5
ag-sort,2.5
alignnone,2.5
All,2.5
Apply,2.5
autocomplete,2.5
block-block,2.5
block-georgetown-header-footer,2.5
byline,2.5
cellspacing,2.5
checked,2.5
col-md-8,2.5
complementary,2.5
dl,2.5
DnnModule-DNN_HTML,2.5
dropdown-menu,2.5
emailaddress,2.5
eng,2.5
expand,2.5
external,2.5
form-select,2.5
form-text,2.5
form-type-select,2.5
form-type-textfield,2.5
h,2.5
hidden-xs,2.5
idtypename,2.5
menu-block-wrapper,2.5
menu-item-71,2.5
menu-item-981,2.5
ModDNNHTMLC,2.5
Normal,2.5
Password,2.5
prev,2.5
rect,2.5
search-block-form,2.5
search-box,2.5
size-large,2.5
slide-controls,2.5
tag-cals,2.5
textarea,2.5
views-row-2,2.5
widget-area,2.5
__dnnVariable,2
__EVENTVALIDATION,2
__VIEWSTATE,2
__VIEWSTATEENCRYPTED,2
__VIEWSTATEGENERATOR,2
@Georgetown,2
@ictv607,2
@smithsonian,2
//s7.addthis.com/js/300/addthis_widget.js#pubid=ra-4f85831950096ef6,2
/do/search/,2
/portals/_default/skins/johnsonwww/css/images/icons.svg#icon-close,2
/portals/_default/skins/johnsonwww/css/images/icons.svg#icon-search,2
/portals/_default/skins/johnsonwww/css/images/logos.svg#johnson-noseal,2
100,2
1024,2
114x114,2
120,2
120x120,2
13,2
14,2
144x144,2
152x152,2
16,2
180x180,2
220,2
25,2
3075133,2
60,2
600,2
7,2
72x72,2
76x76,2
7856542,2
ab-item,2
ab-top-menu,2
About Cornell,2
absbottom,2
absolute-container,2
Academic Calendar,2
accept-charset,2
action,2
ad-468x150,2
adminbar-search,2
Admissions,2
advanced-context,2
advertisement,2
ajax-link,2
All-AmericanWeekend,2
alpha,2
Alumni home,2
AlumniBenefits,2
AlumniBoard,2
ancestor_key:3075133,2
application/ld+json,2
applyChild,2
applyChildLi,2
aside,2
aspNetHidden,2
async,2
AU home,2
audience-selector,2
block--block,2
block-dfp,2
block-georgetown-config,2
block-georgetown-page,2
block-menu-menu-utility-menu,2
block-region-content,2
block-region-navigation-drawer,2
block-region-social,2
block-views,2
booking--form,2
border,2
bottom,2
btn--booking,2
cap-button,2
category-press-releases,2
charset,2
cid_654_tbSearch,2
cid_8092_tbSearch,2
clearable,2
col-lg-4,2
col-lg-8,2
col-md-6,2
col-xs-6,2
collapsed,2
color:,2
columns,2
comment_parent,2
comment_post_ID,2
Communities&Leadership,2
Content-Type,2
copyright,2
Cornell University,2
Cornucopia,2
CS_Element_CustomCF,2
currencycode,2
current,2
current_page_item,2
current-menu-item,2
cursor:pointer;display:;,2
data-action,2
data-cfasync,2
data-target,2
data-toggle,2
data-url,2
DCSIMG,2
default_frontend,2
discipline-facet,2
display: none;,2
display:none,2
display:none;visibility:hidden;height:1px,2
Diversity,2
dns-prefetch,2
download_type-facet,2
dropdown-toggle,2
edit-category,2
edit-keys-2--2,2
edit-region,2
edit-search-block-form--2,2
edit-search-keys,2
emergency-container,2
en,2
EN,2
en-US,2
end-date,2
entry-meta,2
fa-bars,2
fa-facebook,2
fa-instagram,2
fa-linkedin,2
Facebook,2
FALSE,2
"Family Picnicking by the Lincoln Memorial on the National Mall - Things to Do in Washington, DC",2
FAQ,2
faxnumber,2
field--name-body,2
field--type-text-with-summary,2
Fields of Study,2
fieldset,2
"Find out why a trip to Washington, DC is the best vacation ever by experiencing it in 360-degree video",2
fl-social,2
font,2
footer,2
footer-content,2
form,2
form_build_id,2
form_id,2
form-submit,2
get,2
GET,2
Global,2
gradient,2
grid_3,2
gw_main_VCM,2
h1,2
header,2
header--row,2
Health Sciences Research Commons,2
Help with Search,2
helplink,2
HELPPROVIDER_RadToolTip_ClientState,2
hide,2
Home,2
home,2
homepage-center,2
hr,2
http://medievalstudies.cornell.edu/,2
http://www.cornellpress.cornell.edu/images/sp.gif,2
http://www.georgetown.edu/sites/all/themes/at_gu_toptier/images/og_gu_logo.jpg,2
http://www.georgetown.edu/sites/all/themes/at_gu_toptier/images/og_healy_hall.jpg,2
icon-close,2
icon-question-sign,2
icon-search,2
ICTV,2
iframe,2
image,2
image-wrapper,2
inline,2
inner-container,2
iso-8859-1,2
itemscope,2
itemtype,2
Ithaca,2
Johnson at Cornell,2
keywords,2
l-branding,2
lang,2
legend,2
Library,2
LinkedIn,2
Live View,2
Locations,2
logo,2
main,2
main-body,2
MainForm,2
major,2
markerSubjectCodes,2
marquee,2
maxlength,2
medium,2
menu-block,2
menu-item-10481,2
menu-item-1366,2
menu-item-1370,2
menu-item-1371,2
menu-item-1372,2
menu-item-1373,2
menu-item-1374,2
menu-item-1375,2
menu-item-1376,2
menu-item-1377,2
menu-item-1378,2
menu-item-1380,2
menu-item-1381,2
menu-item-1382,2
menu-item-1383,2
menu-item-1384,2
menu-item-1385,2
menu-item-1386,2
menu-item-1387,2
menu-item-1388,2
menu-item-1389,2
menu-item-1390,2
menu-item-1391,2
menu-item-1392,2
menu-item-1393,2
menu-item-1394,2
menu-item-1395,2
menu-item-1396,2
menu-item-1397,2
menu-item-1398,2
menu-item-1399,2
menu-item-1400,2
menu-item-1402,2
menu-item-1403,2
menu-item-1404,2
menu-item-1405,2
menu-item-1406,2
menu-item-1407,2
menu-item-1408,2
menu-item-1409,2
menu-item-15,2
menu-item-20,2
menu-item-2054,2
menu-item-2055,2
menu-item-2056,2
menu-item-2057,2
menu-item-2059,2
menu-item-2060,2
menu-item-20824,2
menu-item-20826,2
menu-item-20827,2
menu-item-20828,2
menu-item-20829,2
menu-item-20830,2
menu-item-20834,2
menu-item-20835,2
menu-item-20837,2
menu-item-20839,2
menu-item-20840,2
menu-item-21659,2
menu-item-29978,2
menu-item-3131,2
menu-item-3136,2
menu-item-3141,2
menu-item-3146,2
menu-item-3151,2
menu-item-3156,2
menu-item-3333,2
menu-item-3357,2
menu-item-354,2
menu-item-355,2
menu-item-356,2
menu-item-37261,2
menu-item-38017,2
menu-item-38024,2
menu-item-38033,2
menu-item-38034,2
menu-item-38311,2
menu-item-38808,2
menu-item-394,2
menu-item-40302,2
menu-item-407,2
menu-item-567,2
menu-item-568,2
menu-item-569,2
menu-item-74,2
menu-item-77,2
menu-item-80,2
menu-item-83,2
menu-item-970,2
menu-item-home,2
menu-level-1,2
menu-main-menu-container,2
menu-mlid-10481,2
menu-mlid-3131,2
menu-mlid-3136,2
menu-mlid-3141,2
menu-mlid-3146,2
menu-mlid-3151,2
menu-mlid-3156,2
menu-name-main-menu,2
menu-new-menu-august-2-2017-container,2
method,2
middle,2
MM/DD/YYYY,2
mobile-main-menu-btn,2
My Account,2
nav-menu,2
navigation,2
navigation-bar,2
navigation-wrap,2
new,2
newsletter,2
next,2
node-overview-page,2
noopener,2
noscript,2
offcanvas,2
og:image,2
og:image:secure_url,2
og:image:url,2
ol,2
OnlineCommunity,2
op,2
page,2
page_item,2
pane-block,2
pane-sharethis-sharethis-block,2
pane-views-panes,2
panel-display,2
parent-mlid-0,2
peer-reviewed,2
play,2
postmeta,2
price,2
priceamount,2
print,2
productavailability,2
publication_facet-facet,2
publication_type-facet,2
publication_year-facet,2
radio,2
radio-1,2
rdf:alt,2
rdf:li,2
rdf:seq,2
RegisterNow!,2
results-format,2
reviewer,2
right,2
ROBOTS,2
s,2
ScriptManager_TSM,2
ScrollTop,2
search,2
search_block_form,2
search-filters1,2
search-filters2,2
search-form,2
search-form-query,2
search-query,2
search-string,2
search-submit,2
search-term-label,2
search-text,2
searchColection,2
searchform,2
searchInput,2
SearchModuleSpacer,2
searchsubmit,2
searchtext,2
secondary,2
secondary-last,2
secondary-link,2
sharethis-wrapper,2
shortcut,2
sidebar,2
simple-no-title,2
simple-search,2
single,2
site-link,2
site-search-label,2
sitesearch,2
Smithsonian Insider,2
sort,2
sort-date,2
sort-score,2
span10,2
special,2
st_email_custom,2
st_facebook_custom,2
st_twitter_custom,2
start,2
start-date,2
start-input,2
StayConnected,2
Student volunteers,2
StylesheetManager_TSSM,2
subject_facet-facet,2
submenu-secondary,2
submenu-stories,2
submit,2
supplieridentifier,2
supplieridtype,2
suppliername,2
supplierrole,2
supplydetail,2
Support,2
Sustainability,2
telephonenumber,2
text/html; charset=utf-8,2
textwidget,2
"The Dabney - Shaw - Blagden Alley - Washington, DC",2
Twitter,2
twitter:card,2
twitter:site,2
Undergraduate Research,2
UpcomingEvents,2
UpdateYourInfo,2
UTF-8,2
utf-8,2
v:title,2
v:url,2
valign,2
verticalalign,2
viewport,2
VolunteerforAU,2
Weather,2
white,2
widget_text,2
widgettitle,2
wp-caption,2
wp-caption-text,2
x-default,2
xml:lang,2
: 2.0,