class,217
data-click-label,101
href,95
div,90
a,87
nav__link,74
ar,73.5
am,60
sf-depth-2,60
li,59
hreflang,50
symbol,49
parent,48.5
field--label-hidden,48
event,44
id,42
nav-child,40
sf-no-children,39
month,37
mini,36
calendar-empty,35
td,35
unstyled,35
menu__item,32.5
menu__link,32.5
c1,29.5
calendarcellhiliteSmallGrid,29.5
middle,29
cls-1,28
menu-item-type-post_type,27
data-click-action,26
has-no-events,25
mini-day-off,25
primary,25
secondary,25
data-drupal-link-system-path,24
past,24
teaser,22.5
menu-item,22
field--type-text-long,21.5
fa-fw,21
level-1,21
menu-item-object-page,21
path,21
type,21
events,20.5
option,20.5
share-icon,19
span,19
level2,18.5
d,18
fill,18
link-item,18
leaf,17
bodycopy,16.5
ru,16.5
even,16
odd,16
sf-depth-1,16
sf-depth-3,16
text-decoration: none;,16
day,15.5
bgcolor,15
dtstart,15
expanded,15
script,14
src,14
title,14
detailsview,13.5
font-size:small,13.5
data-original,13
fill-rule,13
has-events,13
lazy,13
mini-day-on,13
g,12.5
sizes,12.5
calendar,12
nowrap,12
rel,12
text/javascript,12
evenodd,11.5
clearfix,11
date,11
meta,11
name,11
support,11
ul,11
views-field-field-date,11
0 0 16 16,10
block,10
content,10
count,10
link,10
menu-depth-1,10
p,10
row-fluid,10
separator,10
sf-item-1,10
submenu,10
submenu-title,10
views-field,10
data-id,9.5
field-content,9.5
is-leaf,9.5
sf-item-2,9.5
apple-touch-icon,9
checkbox,9
dayheaderSmallGrid,9
delta,9
first,9
folder,9
last,9
module,9
off-screen,9
subnav,9
target,9
view-mode-teaser,9
viewbox,9
0 0 24 24,8.5
actions,8.5
col-xs-12,8.5
i,8.5
plain,8.5
scope,8.5
vertical,8.5
block-content,8
block-inner,8
block-without-title,8
cf,8
data-alt,8
details,8
fa,8
has-children,8
item,8
lazyload-above-960,8
line,8
nolink,8
pane-content,8
panel-pane,8
span3,8
submenu-related,8
tickets,8
twitter-timeline-link,8
views_slideshow_slide,8
views-slideshow-cycle-main-frame-row,8
views-slideshow-cycle-main-frame-row-item,8
x,8
y,8
fa-stack-1x,7.5
glyphicon,7.5
map,7.5
menu-item-has-children,7.5
white-space: nowrap;,7.5
about,7
block-boxes,7
boxes,7
boxes-box,7
boxes-box-content,7
col,7
colspan,7
data-content-field,7
days,7
ds-2col,7
field-name-field-location,7
group-left,7
group-right,7
heading,7
hidden-xs,7
host,7
itemprop,7
l-region,7
mega-menu,7
no-title,7
overview,7
sf-item-3,7
sf-parent-children-0,7
submenu-trigger,7
th,7
use,7
views_slideshow_cycle_hidden,7
xlink:href,7
block__content,6.5
col-xs-8,6.5
data-href,6.5
drop,6.5
dropdown,6.5
field-item,6.5
field-items,6.5
hide-phone,6.5
inside,6.5
menuparent,6.5
node-teaser,6.5
points,6.5
rdfs:label skos:prefLabel,6.5
skos:Concept,6.5
social-share__item,6.5
sub-menu,6.5
apple-touch-icon-precomposed,6
border,6
br,6
caption,6
caret,6
dropdown-menu,6
dropdown-toggle,6
dt,6
event-start-day,6
event-start-month,6
event-year,6
field,6
fri,6
grid,6
h6,6
Layer 1,6
media,6
menu-item-type-taxonomy,6
mon,6
node-news,6
node-title,6
open-submenu,6
pm,6
rect,6
region-inner,6
row,6
sat,6
sf-item-4,6
sprite,6
st0,6
submenu-overview,6
sun,6
svg,6
text/css,6
thu,6
thumb,6
tr,6
tue,6
view-mode-sidebar_teaser,6
wed,6
xmlns:xlink,6
year,6
zone-wrapper,6
,6
area,5.5
auto,5.5
b,5.5
center,5.5
coords,5.5
dd,5.5
display: none,5.5
headline,5.5
http://www.w3.org/2000/svg,5.5
megamenu,5.5
region,5.5
shape,5.5
st_title,5.5
st_url,5.5
stroke,5.5
stroke-width,5.5
sub-nav,5.5
views-row-even,5.5
visually-hidden,5.5
zone,5.5
align,5
all,5
bottom,5
closed,5
col-md-12,5
columns,5
container-12,5
data-click-category,5
datatype,5
date-display-single,5
datetime,5
description,5
displaytext,5
empty,5
external,5
fa-angle-down,5
fa-lg,5
fa-stack,5
fb:admins,5
field-label-hidden,5
field-type-ds,5
file-os-files-small,5
future,5
h2,5
hours,5
ibox;url=#login-lightbox,5
images/smallarrow_right.gif,5
img,5
input,5
label,5
light,5
location,5
menu,5
menu-item-object-custom,5
property,5
role,5
sched,5
schedule,5
Select a week,5
sf-item-5,5
sioc:Item foaf:Document,5
small-12,5
social-link,5
span6,5
style,5
stylesheet,5
textwidget,5
time,5
typeof,5
valign,5
views-field-title,5
views-row,5
visible-xs,5
aria-labelledby,4.5
audience,4.5
block__title,4.5
collapsed,4.5
data-block-type,4.5
data-name,4.5
field-type-node-reference,4.5
foaf:Image,4.5
medium-8,4.5
node-header,4.5
PADDING-TOP: 2px; white-space: nowrap;,4.5
pane-block,4.5
pane-title,4.5
sqs-block,4.5
sqs-block-content,4.5
three,4.5
twelve,4.5
value,4.5
widget,4.5
active,4
active-trail,4
alternate,4
application/ld+json,4
arrow,4
bd,4
block--menu-block,4
bookmark,4
btn,4
btn-color,4
cellspacing,4
clippath,4
col-md-2,4
col-sm-12,4
container,4
data-action,4
data-dismiss,4
data-previous-url,4
dates,4
dc:date,4
dc:title,4
defs,4
dir,4
divlayer,4
divlayerallaction,4
divlayerbackground,4
divlayerborder,4
divlayercloseaction,4
divlayerclosebar,4
divlayernoneaction,4
divlayersaveaction,4
em,4
event__date,4
event__time,4
event-meta,4
event-start,4
eventitem-meta,4
eventitem-meta-item,4
Expand menu,4
field-name-body,4
font,4
font-weight: bold;,4
for,4
ftr-item,4
ftr-title,4
grid-12,4
h3,4
h5,4
height,4
icon,4
image,4
image/png,4
ltr,4
menu-level-1,4
node,4
onclick,4
overflow:visible;,4
panel-separator,4
preserve,4
section,4
social-icon,4
social-label,4
strong,4
submenu-links,4
table,4
tags,4
tbody,4
txtEndDateSearch,4
txtStartDateSearch,4
url,4
view-mode-full,4
views-exposed-widget,4
views-row-odd,4
where,4
widget-title,4
width,4
xml:space,4
xmlns,4
xsd:dateTime,4
align-right,3.5
cellpadding,3.5
clip-rule,3.5
fa-circle,3.5
file,3.5
form-item,3.5
handle,3.5
icon-twitter,3.5
language,3.5
left,3.5
node-event,3.5
onblur,3.5
pane-views-panes,3.5
presentation,3.5
preserveaspectratio,3.5
round,3.5
sf-item-6,3.5
span12,3.5
srcset,3.5
st_username,3.5
tab,3.5
tribe-clearfix,3.5
tribe-events-meta-group,3.5
tribe-events-single-section-title,3.5
widget_text,3.5
ad,3
adx_wcag_header,3
aria-hidden,3
aside,3
block-block,3
block-boxes-os_boxes_html,3
block-menu,3
block-views,3
button,3
clear,3
Click for help in using calendar displays,3
col-md-4,3
col-sm-3,3
col-sm-4,3
Contact Us,3
container-fluid,3
custom,3
data-src,3
data-target,3
data-toggle,3
data-type,3
date-display-end,3
date-display-start,3
default,3
desktop,3
directions,3
display,3
display: none;,3
display:none;,3
dlstMonth,3
dlstView,3
element-invisible,3
event-content,3
eventitem-meta-address-line,3
fa-search,3
facebook,3
field-group-div,3
field-label-above,3
field-name-field-date,3
field-name-field-event-date,3
field-type-text,3
field-type-text-with-summary,3
figure,3
ftr-links,3
gray,3
grid_container,3
h4,3
hidden-phone,3
hover,3
hr,3
ibtnDay,3
ibtnMonth,3
ibtnWeek,3
ibtnYear,3
icon-bar,3
icon-search,3
inner,3
is-collapsed,3
itemscope,3
itemtype,3
javascript,3
large-12,3
LastName,3
Layer_1,3
links,3
menu-block-wrapper,3
menu-item-24,3
menu-item-25,3
menu-item-26,3
menu-item-27,3
menu-item-46,3
modal,3
modal-header,3
nav,3
navigation,3
News & Events,3
no,3
node-content,3
nofollow,3
noopener,3
noscript,3
onchange,3
open to,3
Overview,3
panels-flexible-region,3
panels-flexible-region-inside,3
paragraph,3
paragraph--view-mode--default,3
placeholder,3
published,3
pull-right,3
quicktabs-style-nostyle,3
response,3
right,3
s,3
sf-single-children-3,3
sf-total-children-4,3
share-email,3
share-print,3
social,3
sr-only,3
submit,3
summary,3
t,3
tabindex,3
text,3
textboxcopy,3
thead,3
top,3
transform,3
twitter,3
txtKeyword,3
view,3
view-content,3
views-row-1,3
views-row-6,3
views-row-7,3
views-row-8,3
views-row-last,3
views-widget,3
visible-lg,3
visible-md,3
visible-sm,3
visuallyhidden,3
wrapper,3
,
,
blank,2.5
contact,2.5
contentinfo,2.5
copyright,2.5
dns-prefetch,2.5
ds-1col,2.5
Email,2.5
fa-facebook-square,2.5
fade,2.5
featured,2.5
file-default,2.5
follow-icon,2.5
icon-chevron-right,2.5
image-wrapper,2.5
info,2.5
inline,2.5
locality,2.5
menu-item-1598,2.5
menu-item-218,2.5
menu-item-23,2.5
menu-item-238,2.5
menu-item-323,2.5
menu-item-34,2.5
menu-item-47,2.5
modal-body,2.5
modal-content,2.5
modal-dialog,2.5
off-canvas,2.5
og:title,2.5
og:url,2.5
op,2.5
Pinterest,2.5
post-date,2.5
screen,2.5
search-icon,2.5
search-input,2.5
select,2.5
Select,2.5
sf-total-children-2,2.5
sf-total-children-5,2.5
shortcut,2.5
site-title,2.5
spamspan,2.5
span4,2.5
sqs-row,2.5
stroke-miterlimit,2.5
term-head,2.5
u,2.5
view-display-id-block_1,2.5
view-display-id-block_3,2.5
views-row-10,2.5
views-row-2,2.5
views-row-3,2.5
views-row-9,2.5
visible-phone,2.5
/PopCalendar2008/Calendar.gif,2
#x-all-dates,2
absmiddle,2
Academic Calendar,2
action,2
address,2
Admissions,2
alpha,2
application/rss+xml,2
applyChild,2
applyChildLi,2
aria-label,2
article,2
as_sitesearch,2
aspnetForm,2
assembly,2
assemblyversion,2
assistive-text,2
async,2
author,2
autocomplete,2
banner,2
block-1,2
block-2,2
block-block-1,2
block-block-2,2
block-block-6,2
block-block-7,2
block-boxes-os_taxonomy_fbt,2
block-lunchbox,2
block-menu-block,2
block-menu-block-1,2
block-nice-menus-1,2
block-os,2
block-system,2
block-system-user-menu,2
box_header,2
box_title,2
brand,2
branding-container,2
breadcrumb,2
btn-default,2
btn-padding,2
btn-primary,2
calEndDateSearch,2
calStartDateSearch,2
canonical,2
clientvalidationfunction,2
close,2
col-lg-4,2
col-md-6,2
col-md-8,2
col-sm-6,2
col-sm-9,2
collapse,2
column,2
columns-12,2
container-inline-date,2
Content-Type,2
controltovalidate,2
Cornell,2
current_page_item,2
current_page_parent,2
cursor:pointer;,2
custom-field-contact_email,2
dark_colorfive,2
data-close,2
data-disable-with,2
data-ga-action,2
data-ga-category,2
data-ga-event,2
data-ga-label,2
data-item-id,2
data-layout-label,2
data-post-login-action,2
data-recent-activity,2
data-updated-on,2
date-display-range,2
date-padding,2
default_frontend,2
defer,2
directory,2
divCF_1,2
divCF_2,2
divCF_3,2
divCF_4,2
Diversity,2
divider,2
dl,2
edit-search-block-form--2,2
element-hidden,2
email,2
EMAIL,2
Email Address,2
en,2
en-us,2
enable-background,2
evaluationfunction,2
Event,2
event_link,2
event-cost,2
event-datetime-divider,2
event-subscribe,2
event-tags,2
event-time-12hr-end,2
event-website,2
eventitem-pager-date,2
eventitem-pager-link,2
eventitem-pager-title,2
Events,2
experts,2
fa-2x,2
fa-calendar,2
fa-clock-o,2
fa-facebook,2
fa-google,2
fa-google-plus,2
fa-instagram,2
fa-map-marker,2
fa-pinterest-p,2
fa-twitter,2
fa-youtube,2
Facebook,2
Faculty,2
field-label,2
field-label-inline,2
field-type-datetime,2
field-type-image,2
field-type-taxonomy-term-reference,2
field-type-text-long,2
Fields of Study,2
file-os-files-medium,2
filter-departments,2
filter-event_types,2
footer,2
footer-nav,2
form,2
form_build_id,2
form_id,2
form-actions,2
form-control,2
form-group,2
form-inline,2
form-radio,2
form-submit,2
form-text,2
form-type-date-popup,2
form-type-radio,2
form-type-textfield,2
form-wrapper,2
Form1,2
format,2
frameborder,2
From:,2
fullwidth,2
get,2
Global,2
Go,2
googleplus,2
gpanel,2
Graduate Students,2
grid_4,2
grid_8,2
h1,2
header,2
hentry,2
hfSelectedItems1,2
hfSelectedItems2,2
hfSelectedItems3,2
hfSelectedItems4,2
hidden,2
hidden-sm,2
Home,2
home,2
html-block,2
http-equiv,2
https://www.ticketfly.com/account/emailSignup,2
icon-close,2
if(this.value==this.defaultValue){this.value='';},2
iframe,2
image/x-icon,2
images/transparent.gif,2
instagram,2
Instagram,2
invaliddatemessage,2
item-list,2
Ithaca,2
keywords,2
lang,2
large-4,2
Library,2
linkedin,2
Live View,2
lng,2
localist_modal_medium,2
localist-modal-inner,2
Locations,2
login,2
login_user,2
logo,2
m/d/yyyy,2
main,2
main-content,2
maxlength,2
mc-embedded-subscribe-form,2
mce-EMAIL,2
menu-item-324,2
menu-item-48,2
menu-item-52,2
menu-item-53,2
menu-item-79,2
menu-item-80,2
menu-mlid-16161,2
menu-mlid-16166,2
menu-name-main-menu,2
messagealignment,2
MessageContainer,2
method,2
mobile-menu,2
mobile-nav__toggle,2
mobile-search,2
modal-footer,2
modal-title,2
more,2
move,2
mysubmit,2
nav-pills,2
navbar,2
News,2
next,2
nice-menu,2
nice-menu-down,2
nice-menu-primary-menu,2
nice-menu-secondary-menu,2
nocontent,2
node-type-event,2
none,2
off,2
og:description,2
og:image,2
onfocus,2
orgId,2
os,2
os_events_upcoming,2
p_LocationColumnField,2
page,2
page_wrap,2
page-content,2
page-header,2
pane,2
panel,2
panel-display,2
parent-mlid-0,2
password,2
Password,2
picture,2
polygon,2
popcalendarfunctionsjsversion,2
popcalendarjsversion,2
POST,2
post,2
post-4,2
prev,2
profile,2
pull-left,2
q,2
quicklinks,2
radio,2
rdf-meta,2
region-branding,2
region-content,2
region-footer-first,2
region-header-second,2
region-menu,2
region-page-top,2
region-sidebar-first,2
region-sidebar-second,2
region-user-first,2
region-user-second,2
Register,2
relative,2
required,2
research,2
RJS.PopCalendars,2
RJS.Web.WebControl.PopCalendar.Net.2008.dll,2
rss,2
scrolling,2
search,2
Search,2
search_block_form,2
search-bar,2
search-block-form,2
search-box,2
search-close,2
search-filters1,2
search-filters2,2
search-form,2
search-form-query,2
search-query,2
search-text,2
searchForm,2
searchform,2
section-content,2
section-footer,2
section-header,2
sectionheader,2
selected,2
sf-item-7,2
sf-item-8,2
sf-single-children-2,2
share_link,2
sharethis-wrapper,2
show all dates,2
sidebar,2
sidebar-first,2
sidebar-topnav,2
signup-form,2
site,2
size,2
small,2
social-icons,2
social-links,2
source,2
span-12,2
sqs-block-html,2
sqs-col-12,2
sqs-grid-12,2
sqs-layout,2
status_bar,2
street-address,2
Student volunteers,2
Students,2
submenu-secondary,2
submenu-stories,2
Submit,2
Subscribe,2
subscribe,2
Sustainability,2
table-buttons,2
tabs,2
text-align: center;,2
text-center,2
text/html,2
text/html; charset=utf-8,2
tf-tooltip,2
tfly-email-subscribe,2
tfly-email-subscribe-submit,2
tfly-email-subscribe-text,2
To:,2
toggle,2
top-search,2
topnav,2
tribe-events-abbr,2
tribe-events-button,2
tribe-events-content,2
tribe-events-event-meta,2
tribe-events-single-section,2
tribe-no-js,2
Twitter,2
user_action,2
Username,2
UTF-8,2
validationgroup,2
video,2
view-display-id-block,2
view-header,2
viewport,2
views-row-11,2
views-row-4,2
views-row-5,2
visibility:hidden;white-space:nowrap;z-index:+1000;color:red;,2
Weather,2
white-space: nowrap; width: 30%;,2
widget-header,2
x-event-status,2
yes,2
Youtube,2
YouTube,2
zone-branding-wrapper,2
zone-content,2
zone-content-wrapper,2
zone-footer,2
zone-footer-wrapper,2
zone-header,2
zone-header-wrapper,2
zone-menu-wrapper,2
zone-user,2
zone-user-wrapper,2