{
  "project_info": {
    "project_number": "327356857183",
    "firebase_url": "https://argon-magnet-134317.firebaseio.com",
    "project_id": "argon-magnet-134317",
    "storage_bucket": "argon-magnet-134317.appspot.com"
  },
  "client": [
    {
      "client_info": {
        "mobilesdk_app_id": "1:327356857183:android:1622cb303fb116bf",
        "android_client_info": {
          "package_name": "io.agnes"
        }
      },
      "oauth_client": [
        {
          "client_id": "327356857183-f6eig1pao5b7dm75k2q7oln09hcm24g5.apps.googleusercontent.com",
          "client_type": 3
        },
        {
          "client_id": "327356857183-cmb6dsq8o5bvdtfa0m9ku1b12ehqhlen.apps.googleusercontent.com",
          "client_type": 3
        }
      ],
      "api_key": [
        {
          "current_key": "AIzaSyCwnBCrFtnTicK1jkKex4cMO1Q-AfYk_4Q"
        }
      ],
      "services": {
        "analytics_service": {
          "status": 1
        },
        "appinvite_service": {
          "status": 1,
          "other_platform_oauth_client": []
        },
        "ads_service": {
          "status": 2
        }
      }
    }
  ],
  "configuration_version": "1"
}